57464,Shira Jacobs,2117920760
57465,Miss Alejandro Keebler,6559079134
57466,Nikole Stracke,7942673209
57467,Vito Nolan,4871656943
57468,Drema Walker,8722297340
57469,Mrs. Kittie Walker,5306176598
57470,Kai Mayert IV,7936139567
57471,Milo Leuschke,2742427241
57472,Ms. Jazmine Grant,1197107191
57473,Priscilla Parker,7060146936
57474,Winford Stracke,1206440292
57475,Danita Moen,6596403668
57476,Lucius Kirlin,1865415779
57477,Mrs. Benton Labadie,4924279930
57478,Dr. Efrain Miller,7627406087
57479,Beau Rowe,7421755852
57480,Meghann Roob,9961916233
57481,Mui Gottlieb DVM,3311672349
57482,Dick Tromp,8538261314
57483,Renata Raynor,7136022479
57484,Miss Deon Mertz,7861710388
57485,Dr. Gwen Jacobi,7823132573
57486,Teri Hintz,3876518064
57487,Shannon Hegmann,3509499585
57488,Luigi Nienow,1435618482A
57489,Tessa Lebsack I,3968926021
57490,Dewayne Daugherty,2749709579
57491,Jere Auer DVM,2096183583
57492,Kurtis Schiller,5642719679
57493,Boyce Hartmann,9160399772
57494,Mrs. Graig Turner,1037053351
57495,David Hettinger,8908188711
57496,Mr. Manuela Daniel,3699539569
57497,Thomas Hyatt,5763189508
57498,Ms. Darlena Hahn,2385716196
57499,Lynnette Romaguera II,4896537235
57500,Preston Nicolas II,8656453062
57501,Mozella Johnson,8403553274
57502,Mrs. Takisha Rempel,4804924088
57503,Alexander Blanda,9283204321
57504,Dr. Loyd Kub,5943455602
57505,Aide Friesen,2205982012
57506,Annabel Kuhic,3783647402
57507,Rashad Mills I,2561334183
57508,Jeanie Anderson,6616112505
57509,Adelle Rempel,1633450840
57510,Deana Hyatt,4930286448
57511,Donte Mraz,6038114829
57512,Spencer Labadie,3697375822
57513,Angelena Hyatt,5602637350
57514,Carol Mraz,1442748253
57515,Leslie Lubowitz,6327939976
57516,Julissa Walsh,2990912312
57517,Micah Robel,3552218314
57518,Dr. Gilberto Shields,7788513821
57519,Leana Berge,1847279612
57520,Nolan Raynor,5709517546
57521,Tony Dach,8293352879
57522,Boyd Corkery DVM,3856200705
57523,Miss Kate Ward,4199493652
57524,Edmund Tillman,9774335206
57525,Lucie Buckridge,5612780008
57526,Lillia Bernier DVM,6903346481
57527,Nanette Thiel,7467496949
57528,Chong Kuhlman,8553207964
57529,Mrs. Edyth Johnson,9923134519
57530,Kandice Koss,5814288011
57531,Phil Zulauf Sr.,4435560205
57532,Miss Bernardo Howe,8773366745
57533,Gia Fritsch,3181109830
57534,Kristy Gerhold,9135870554
57535,Darryl Wehner,4382976508
57536,Jc Bins Jr.,4190687711
57537,Melaine Jaskolski,2984742962
57538,Diego Okuneva,7197318172
57539,Dr. Ardelle Morar,5859008436
57540,Margie Roberts,3372257636
57541,Harvey Gorczany,2330876097
57542,Miss Eliseo Hartmann,7379907467
57543,Mary Satterfield I,7522270003
57544,Bernadette Parisian,2463142063
57545,Mrs. Al Hilll,6292165570
57546,Tona Nikolaus Jr.,9959385504
57547,Lindsay Kulas,1314050842
57548,Gale Heathcote,2773918740
57549,Michal Johns,6592198578
57550,Rigoberto Rempel,8402924723
57551,Mr. Rina Douglas,8502459873
57552,Jamika Turner V,1773742258
57553,Kimberly Romaguera,5354841627
57554,Mr. Stanford Stehr,9904844892
57555,Eun Boehm,1768848119
57556,Dr. Clarence Gibson,7258174813
57557,Hana Bergstrom III,8982490186
57558,Gavin Kshlerin,9650531725
57559,Iva Keebler II,7662391025
57560,Miss Gonzalo Prosacco,7763896910
57561,Keeley Legros DDS,7399457185
57562,Oscar Schumm,7043968142
57563,Mr. Dalton Hermiston,9342232843
57564,Evon Bosco,2448195898
57565,Hayden Keebler,4488062501
57566,Darren Larkin,3295790023
57567,Eileen Wisozk,4517587827
57568,Mrs. Etsuko Dickinson,6852166717
57569,Cletus Blanda,7010039684
57570,Mia Shanahan,6273082849
57571,Herb Carroll,6107051931
57572,Quiana Nader,4634326304
57573,Harold Watsica,9726314718
57574,Laurence Mosciski,2244857719
57575,Renay Stracke,2161442616
57576,Ms. Shawnta Okuneva,1305193118
57577,Kaye Cremin,3249415388
57578,Roderick Fadel,1969630747
57579,Miss Eldridge Kuhlman,7822127412
57580,Kerstin Grimes,3431914477
57581,Miss Fred Wyman,4551895093
57582,Ms. Cliff Armstrong,1939275023
57583,Coleen Kuhn,9499870008
57584,Dr. Burl Dooley,6315830722
57585,Shelton Baumbach,9451894140
57586,Zella Walsh Jr.,9588406158
57587,Royal Stehr II,2304957434
57588,Charlie Hermiston,2975516779
57589,Mr. Wendi Welch,8028489652
57590,Katherina Hammes,1166500019
57591,Bernard Ratke,3535127263
57592,Thaddeus Barton,1216434979
57593,Margorie Moore,7351075470
57594,Fairy Schuppe,2792366925
57595,Alessandra Erdman IV,7156815051
57596,Ria Brakus,9786620088
57597,Ms. Wilber Jakubowski,4766127423
57598,Vaughn Ullrich,7693274491
57599,Kenton Halvorson,8913155835
57600,Svetlana Schneider,3403548158
57601,Effie Brown,2466740149
57602,Buffy Gorczany,5346034613
57603,Maya Mraz Jr.,3763800241
57604,Errol Klocko,5912599449
57605,Scotty Feest IV,2351089176
57606,Davina Fritsch,1597365588
57607,Jules Zboncak,7949747184
57608,Jessie Deckow,4524894339
57609,Justina Carroll,7594926117
57610,Bobby Rutherford,1075029142
57611,Vanna Koepp,7008504322
57612,Claudette Nolan,9221216220
57613,Krystin Nicolas,8303869372
57614,Armando Ortiz DVM,4205945374
57615,Nobuko Rosenbaum,1805375002
57616,Trish Wunsch,5688088411
57617,Jamaal Koelpin,5291166740
57618,Bart Bauch,8285040136
57619,Damion Mosciski,8720966326
57620,Carolyn Erdman DDS,7417431125
57621,Norbert Pfeffer,8791358596
57622,Marshall Schoen,9757684913
57623,Shawn Carter,2499097279
57624,Sammy Hoeger,9627619570
57625,Tamica Hintz,5690061064
57626,Kellee Frami,1747229069
57627,Son Wolff,6947730823
57628,Carmen Hoeger,1946057676
57629,Mr. Julius Yost,6315546464
57630,Cheryll Mitchell,6206669999
57631,Ms. Ollie Nicolas,9061735413
57632,Iris Spinka,7573330314
57633,Ivey Konopelski,4173516232
57634,Victor Greenfelder III,7789632189
57635,Mable Mohr,9687979475
57636,Ashlyn Nader,8987668946
57637,John Lakin III,3549686413
57638,Belva Ratke,7474215752
57639,Modesta Ferry,2276691410
57640,Ralph Baumbach,2339570176
57641,Terrell McClure,6592224875
57642,Rochell Hamill,8403082579
57643,Tai Vandervort,2382470555
57644,Franklyn Nicolas,1444270280
57645,Verda Walter,8368274451
57646,Grace Gottlieb,1825285608
57647,Nicky Nicolas,9016194668
57648,Shanna Lowe,7532421341
57649,Paul Kling,6047280871
57650,Loralee Grady,7396448331
57651,Crysta Schamberger,8651742820
57652,Blossom Beer PhD,4583301608
57653,Renato Bradtke,3103359423
57654,Mr. Monserrate Murphy,7812845225
57655,Barbara DuBuque,3379054891
57656,Derick Casper,9077556717
57657,Merrill Kilback IV,6214434819
57658,Denver Ernser PhD,4687153874
57659,Leilani Schulist,7814860709
57660,Abbie Schulist,1411807225
57661,Corie Carroll,9170638448
57662,Milton Ratke,9452481885
57663,Edris Lebsack,3753075015
57664,Doretta Satterfield,2564493448
57665,Keenan Sporer,8032041662
57666,Dinorah Dach I,1171683357
57667,Emil Bernhard DDS,9170764685
57668,Mr. Terri Parisian,2387371134
57669,Kasey Marvin,9800416903
57670,Mrs. Tory Bradtke,8007094275
57671,Dr. Rosendo Schmeler,9819634440
57672,Nicolasa Schoen,3336774188
57673,Chong Prohaska,8109175928
57674,Mr. Marguerita Reilly,4501014784
57675,Yessenia Casper PhD,3569086266
57676,Alva Yundt,7586506865
57677,Tamela Schulist,6121648029
57678,Harold Schowalter,3484148551
57679,Emil Harber II,2701185009
57680,Mauricio Weber,8922320808
57681,Saul Bailey,2629282379
57682,Milly Kutch IV,6379556983
57683,Mika Will DVM,8116491104
57684,Kurtis Cruickshank,9231727268
57685,Wilford Lakin,7605459193
57686,Berneice Kerluke,8903671230
57687,Allen DuBuque,5933259801
57688,Katy Kshlerin,3955271903
57689,Kendall Nolan,4286820400
57690,Caroline Hackett,1898599759
57691,Charisse Johnson,8732430495
57692,Tamela Spencer,8549495501
57693,Neil Gorczany,6214722961
57694,Vito Yundt,6151850376
57695,Jamie Walsh,1642434072
57696,Emily Schaden,5664367965
57697,Dr. Lincoln Cole,6928333198
57698,Lanita Wisozk,3642688125
57699,Miss Curtis Graham,1927180355
57700,Buck Torphy,8655936409
57701,Janessa Hirthe DDS,8824411953
57702,Israel McKenzie,2602957662
57703,Marcene Graham,4730322657
57704,Alex Parker,8231168161
57705,Rosalba Jast,2356654978
57706,Barbera Simonis,9178355466
57707,Leslie Sawayn Sr.,2720019234
57708,Hugo Bailey IV,7776396186
57709,Terri Waters,3492866689
57710,Teddy Leuschke,7921513960
57711,Mrs. Efrain Brekke,6318258473
57712,Clifton Crooks,4907922151
57713,Neta Monahan,2682809642
57714,Dirk Langworth,7777384893
57715,Mrs. Tequila Volkman,1524328493
57716,Sheldon Greenfelder,5342185881
57717,Alan Borer,5098265984
57718,Miss Orlando Cummings,2851947323
57719,Marilyn Pouros,8955965121
57720,Merlene Daniel,1407772873
57721,Elias Schumm,8987657549
57722,Brendan Nolan,1030191121
57723,Ken Carroll PhD,3636002275
57724,Carry Mann,2530238953
57725,Dollie Schaefer,2921508794
57726,Emmitt Hickle,4975714990
57727,Ethan Wintheiser,2070896098
57728,Paulette Jerde,8983961025
57729,Lucia Zulauf,2038688802
57730,Keri Jacobi,4272435354
57731,Dane Bayer I,1880506388
57732,Emmett Collier,9060293450
57733,Mrs. Spencer Robel,2933551994
57734,Barabara Bode,8631228083
57735,Stepanie Von,9372657753
57736,Gregg Tromp III,8143753293
57737,Kathey Barrows II,8669148631
57738,Herlinda Durgan,4330622998
57739,Dr. Johnnie Heaney,8528832973
57740,Olen Kovacek,7886291162
57741,Tynisha Metz I,7581210176
57742,Delpha Nienow,6266292457
57743,Zackary Lueilwitz,3171780700
57744,Barbera Mosciski,6512269116
57745,Griselda Towne,7896575874
57746,Lanora Nitzsche,8645881443
57747,Gigi Schmitt,3991767583
57748,Lenna Hudson,3025866304
57749,Lisabeth Witting,4990773490
57750,Orville Homenick,1783684736
57751,Weston Watsica,5621404181
57752,Jordan Halvorson,4702477645
57753,Meagan Krajcik,6620825161
57754,Scottie Mertz,2221479478
57755,Ms. Cletus Schaden,3113992345
57756,Mr. Dione Hoeger,2849618802
57757,Madalene Roberts IV,8854751954
57758,Jarod Fahey,1647559719
57759,Kimberlie Feil,3215011453
57760,Stefanie Wehner,7402223612
57761,Londa Herman,4359757300
57762,Loree Yost,2022199462
57763,Aracelis Wolf,8186189290
57764,Takisha Spencer MD,4305403315
57765,Mr. Ahmed Spinka,9392429342
57766,Diana Nolan,7874649083
57767,Danny Bins,4002062500
57768,Elias Hilll,5658141347
57769,Darrell Greenholt,1084533738
57770,Hipolito Johnson,1643420091
57771,Miss Cuc McLaughlin,4707301977
57772,Miquel Prohaska,1629793743
57773,Cammy Hickle,9098878868
57774,Miss Nathalie Kiehn,7345863524
57775,Taylor Quitzon,1635480123
57776,Marine Von,6358368211
57777,Dusty Senger,6187601399
57778,Miss Corrin Gislason,1793211995
57779,Myles Brown,7364168353
57780,Regan Dooley,1148844709
57781,Grant Quigley,6236559508
57782,Del Renner DDS,3059207361
57783,Miss Kimberley Ankunding,9956251082
57784,Archie Mosciski,8072922720
57785,Emmanuel Morissette Sr.,4326405696
57786,Daphne Kshlerin MD,4261121345
57787,Latia Daugherty,2835176186
57788,Eilene Jerde,1504289512
57789,Dr. Lianne Okuneva,7562759750
57790,Tangela Larkin,7642878870
57791,Glenna Parisian,7825568133
57792,Mr. Miguel Trantow,7597198233
57793,Manuel Rolfson V,8980888315
57794,Mr. Sung Beahan,2827228624
57795,Neville Hyatt,6474842740
57796,Delmer Kling,9913311687
57797,Jude Brown,8606987128
57798,Azzie Monahan,7775064147
57799,Ms. Terrilyn Cole,4684013688
57800,Buffy Farrell,5439421552
57801,Elissa Bogisich,5306199093
57802,Lee Cassin,9550956663
57803,Lesley Bruen,6096343457
57804,Magdalene Glover,6658017830
57805,Colin Paucek,6376206172
57806,Cheree Willms,7010107519
57807,Tyrone Lebsack,8505115820
57808,Mrs. Isidro Bayer,7202204846
57809,Celia Hettinger,1209184057
57810,Taren Gutkowski,8896994846
57811,Vivien Hermiston II,2859954017
57812,Vernon Lebsack,2766056477
57813,Orville Adams,8577258102
57814,Michel Sawayn DDS,9352646109
57815,Valencia VonRueden IV,3918875948
57816,Cecille Konopelski,6236303392
57817,Terrilyn Hoppe,1860016392
57818,Tresa Pfeffer,1720403747
57819,Trinidad Yundt,7487822007
57820,Daniel Sporer II,6655094734
57821,Gil Yundt,6276354548
57822,Milton Crist PhD,6507754645
57823,Mr. Julienne McCullough,6563418401
57824,Mia Tremblay,1612195208
57825,Margarito Ruecker,8914785204
57826,Rosalia O'Kon Jr.,1328642770
57827,Trevor Frami I,2520738663
57828,Keshia Dickens,6005982036
57829,Erik Lindgren DVM,5976364362
57830,Grady Osinski I,8411321961
57831,Jamaal Ebert,8851577292
57832,Shila Orn Sr.,6251492453
57833,Krissy Hilpert,3700627746
57834,Evie Cummings,1643584630
57835,Pearly Bogan,9482988366
57836,Rona Bailey,4077347285
57837,Aisha Altenwerth,7871445654
57838,Ming Denesik,3988926888
57839,Garret Denesik,6196355415
57840,Mr. Chi Haag,3989241599
57841,Mac Hagenes,7277994576
57842,Alica Lowe MD,3209627194
57843,Kathe Conn,1247945670
57844,Daniela Grant,7604462936
57845,Jannette Walter,3579821817
57846,Bo VonRueden,8081384109
57847,Lise O'Keefe,1960440995
57848,Verline Mayer,9356850975
57849,Tommy Mante I,1635644304
57850,Ariel Sporer,7068332412
57851,Alycia Harvey DVM,9308496757
57852,Mr. Estefana Hessel,6680079230
57853,Tomas Simonis II,6121752763
57854,Chiquita Murphy,5585081287
57855,Man Rempel,2705550855
57856,Laurinda Halvorson Sr.,9363446771
57857,Jesusita Skiles,9401784665
57858,Russel Goldner,5958130321
57859,Eusebio Bruen,7332169860
57860,Benton Langosh,2699998445
57861,Roland Altenwerth,5315033420
57862,Chaya Kulas,2276948853
57863,Emile Kohler,9551725190
57864,Lyndon Marks,7819977527
57865,Sal Batz,8544725172
57866,Krystina Mayer,3324885899
57867,Harvey Feil,6333262927
57868,Lyla Jakubowski,5931385343
57869,Ms. Marcie Koepp,9398852569
57870,Georgette Russel,5713507455
57871,Caron Legros,6615575462
57872,Virgie Dooley,7156164941
57873,Rudolph Beatty III,1787637023
57874,Darrell Pfannerstill I,9936139043
57875,Mrs. Talia DuBuque,4568569974
57876,Beryl Yundt,1361808890
57877,Pablo Barton,9035780659
57878,Ms. Justin Hilpert,2958907465
57879,Anamaria Kunze MD,4099995371
57880,Mr. Kristofer Windler,2074924358
57881,Harmony Marquardt,2604761177
57882,Tama Dare,4834724835
57883,Jessie Hermann,9895957825
57884,Guillermina Von,1845135401
57885,Anderson Pfeffer,7650914299
57886,Sanford Crist,8478845336
57887,Dalene Gislason,3959807849
57888,Mr. Johnetta Donnelly,7662461264
57889,Rudolf Grady,1820360366
57890,Deedee Borer,9717869315
57891,Mr. Jeanett Nienow,7416254708
57892,Jamie Osinski,1353275088
57893,Muriel Jenkins I,8764877591
57894,Dr. Omar Gerhold,9997167999
57895,Meryl Padberg,7494487445
57896,Claretha Willms,6197998018
57897,Serafina Hauck,1179723924
57898,Sharri Kling,4270366700
57899,Delphia Emard,1590708854
57900,Liza Schowalter,8841715843
57901,Delmar Marquardt,1771757809
57902,Elina Von,7125605868
57903,Dr. Burton Hegmann,8443978630
57904,Rueben Harris,8919774360
57905,Antonetta Glover,8941920114
57906,Lemuel Kuvalis II,6904812729
57907,Larue Crona,8331017593
57908,Miquel Ledner,4812753341
57909,Rosalia McLaughlin,8921588403
57910,Antoine Carter,4585442739
57911,Robyn Ferry,7003813395
57912,Laverne Carter,7527001427
57913,Kevin Mills,2028784882
57914,Donovan Collins,8213604494
57915,Wesley O'Hara,5737138200
57916,Cole Rutherford III,6119935607
57917,Jerrod Von,6379924186
57918,Patricia Kozey,3183554486
57919,Tanna Satterfield,4574133810
57920,Latisha Grimes,7908943589
57921,Albina Dooley,4664452340
57922,Todd Keeling,8652440397
57923,Venita Heidenreich,7652353789
57924,Shawn Daugherty DDS,7102099695
57925,Sheri Walter,3531334754
57926,Marlyn Herzog,2379997221
57927,Dr. Marquita Herman,1731586613
57928,Miss Mayra D'Amore,2348813692
57929,Brain Davis,1996907738
57930,Stewart Schowalter,9894163216
57931,Merlyn Kerluke,6645318837
57932,Jarred Kutch DDS,4601530832
57933,Myron Cartwright Jr.,6328716582
57934,Normand Hickle,7190732502
57935,Mrs. Arden Gorczany,2405437494
57936,Lida Steuber,5603416624
57937,Carolann Dicki,7662497128
57938,Bianca Bashirian,7730314507
57939,Ms. Adalberto Carroll,6628965900
57940,Robt Casper,8173893725
57941,Dr. Oswaldo Doyle,6712134987
57942,Cortez Mueller I,9703586171
57943,Wilbert Herzog IV,4948241361
57944,Richelle Wuckert,1195825463
57945,Mrs. Shyla Hayes,2093228176
57946,Steve Larkin,6195056343
57947,Carlota Herzog,1440156126
57948,Noe Huel I,4985628951
57949,Ms. Ora Schuppe,5137938487
57950,Romeo Sawayn Sr.,1913469380
57951,Stevie Huel III,6331930176
57952,Lashanda Abbott,3851538661
57953,Tressie Corkery,5811637887
57954,Jolyn McCullough,6981936640
57955,Noemi Ryan,7953038849
57956,Susanne Watsica,4133369265
57957,Colton Farrell,8140410700
57958,Bell Lowe,4225534399
57959,Tenisha Kerluke,9324677704
57960,Valeria Brekke IV,5280232830
57961,Mr. Brain Waelchi,2764299810
57962,Almeda Marvin Jr.,8249795579
57963,Tom Rempel Jr.,7290756194
57964,Tyler Ebert II,7710605916
57965,Edward Gerlach Sr.,1164964439
57966,Ismael Stokes,8707088836
57967,Barry Grady,8542525008
57968,Kayleen Gutkowski,7422934083
57969,Clark Pacocha,2669807039
57970,Clayton Hills,7912827660
57971,Bernard Jakubowski,1440769939
57972,Kelly Kunze,4109516781
57973,Giselle Paucek,1727721103
57974,Sammie Kozey MD,6574672240
57975,Arthur Fay,8750527817
57976,Torie Ortiz,6860679316
57977,Miles Krajcik,2562301270
57978,Moises Franecki,1820949229
57979,Ms. Beau Langworth,1648248993
57980,Rey Volkman,1533878553
57981,Miss Lizeth Dickens,3302460691
57982,Serita Kunze,7491155570
57983,Hunter Abbott,4262595861
57984,Ms. Sandra Bernhard,4460498663
57985,Deedee Torphy,6800751299
57986,Abraham Mitchell,1713585736
57987,Harley West,6321546089
57988,Pasquale Baumbach,7675006644
57989,Alexander Klein,7716324529
57990,Jack Lesch,8643469082
57991,Dr. Trey Maggio,1360535537
57992,Dong Lindgren,4514611774
57993,Mr. Silvia Towne,1238316102
57994,Miss Leonila Bednar,9747138613
57995,Jewel Olson Sr.,8205240050
57996,Leslie Rau,1922452004
57997,Wyatt Mayert Sr.,9957449647
57998,Kisha Ryan,5974914867
57999,Maisha Weissnat,9062748198
58000,Tom Cummerata,4182145570
58001,Matt Kassulke PhD,7226704935
58002,Ms. Reuben Becker,6257055659
58003,Ben Zieme,5058498361
58004,Mr. Jan Satterfield,3014418292
58005,Emmanuel Altenwerth,9416449102
58006,William Grant,5526564291
58007,Dong Gerlach,8660748594
58008,Dr. Salvatore Hickle,6150808140
58009,Setsuko Terry Jr.,5446228796
58010,Cristopher Leuschke MD,7060207790
58011,Gene Hackett,1519983809
58012,Gaylord Bailey,2313158320
58013,Lera Hagenes,2957388657
58014,Mr. Wally Altenwerth,6693105045
58015,Aretha Ritchie,1251222551
58016,Miss Jarrett Rutherford,6857141020
58017,Crissy Pagac,3337892937
58018,Syble Rohan PhD,2340327768
58019,Stephen Raynor,6998496681
58020,Heidi Bauch,3470500008
58021,Tandy Wehner,1101588155
58022,Abdul Strosin V,4741131686
58023,Gil Abshire Sr.,7901466663
58024,Angla VonRueden,9457009822
58025,Leonel Shields DDS,7594176257
58026,Rosario D'Amore,1724605427
58027,Dr. Dena Collins,4225712902
58028,Michiko Strosin,4283557859
58029,Eldridge Ankunding,3774654877
58030,Charmaine Farrell,3887913133
58031,Clemencia White,6031216826
58032,Ms. Karyl Yost,7041098443
58033,Lizbeth O'Connell,4359734123
58034,Delsie Bechtelar I,7324118478
58035,Hal Schoen,6899065329
58036,Detra Beer,8945929139
58037,Miss Hester Marquardt,1314973476
58038,Talitha Swaniawski Sr.,5354698687
58039,Elden Schiller,5127655512
58040,Edgar Lakin,8503518528
58041,Dr. Cecille Hirthe,9014619779
58042,Gidget Thiel,7469908065
58043,Evan Koch,6270957998
58044,Mr. Edward Stehr,3241952869
58045,Carly Raynor III,9249960334
58046,Jackie Kiehn,7410901257
58047,Sharonda Turner,1140139466
58048,Tashina Lemke,7414026812
58049,Dusty Wiegand,5422045846
58050,Cora Metz MD,4208424863
58051,Dr. Ian Wilkinson,6786047048
58052,Romeo DuBuque,3725883046
58053,Virgilio Frami V,2886478494
58054,Mrs. Alisa Kulas,3743381337
58055,Chantelle Purdy,6722679867
58056,Ms. Pat Sawayn,6064144515
58057,Moshe Parisian,4608818527
58058,Russell Leannon,2996732012
58059,Lana Graham,5444209445
58060,Gustavo Franecki PhD,9986787943
58061,Garrett Labadie,9392834319
58062,Rosetta Shanahan MD,8802335010
58063,Mario Bernier,5334131198
58064,Mrs. Jeffrey Dietrich,4228906250
58065,Mr. Willie Moore,9684590797
58066,Lenita Yundt,2903755399
58067,Lelia Lind,7598506152
58068,Elisha McClure,8539729852
58069,Elmo Krajcik,4159292342
58070,Phoebe Koelpin DVM,9042918227
58071,Rodney Nikolaus,1953207065
58072,Miss Ammie Runte,8505567641
58073,Chase Lockman,7984722447
58074,Ms. Despina Adams,5515882993
58075,Sarah Metz,3744290722
58076,Dr. Roosevelt Johnson,2473113311
58077,Erica Legros V,9537118917
58078,Rodney Abernathy,6597060329
58079,Kazuko Klocko,3560057197
58080,Dr. Teodora Corwin,8884703291
58081,Araceli Bahringer,9781644464
58082,Vivienne Botsford I,5416144831
58083,Bennett Krajcik,6275101771
58084,Glendora Reynolds,2016706127
58085,Hassan Koss,2934642908
58086,Elisha Hermann,9274729936
58087,Joetta Vandervort,5609209091
58088,Mrs. Raul Orn,1935767696
58089,Wynell Hauck,2833445742
58090,Nathanael Reichel,5395424801
58091,Tyrone Purdy,8047746905
58092,Emmett Hamill PhD,2480812961
58093,Moses Larkin,3571762608
58094,Dr. Jeni Satterfield,7029686308
58095,Irmgard Homenick,5891878845
58096,Carolyne Dickens,7040193516
58097,Dane Welch MD,4049819450
58098,Ms. Catherine Waters,4716165268
58099,Ms. Maddie McGlynn,4920187813
58100,Dong Kub,7697755887
58101,Mellie Beier,1725898051
58102,Man O'Connell,1773574936
58103,Randy Marvin Sr.,2601415400
58104,Hilton Ratke,9829813095
58105,Lena O'Kon,8126930845
58106,Bertram Moore,3477621739
58107,Mr. Lenore Collins,5205610625
58108,Vernon Boehm,1478703441
58109,Mrs. Inell Cremin,2295746115
58110,Darrin Morissette,1059516338
58111,Adan Schmitt,6508795560
58112,Selma Goodwin,8631137383
58113,Russ Lueilwitz V,7763084430
58114,Tiffanie Kshlerin,8463149340
58115,Alesia Beatty,6970304580
58116,Shawana Cassin,8709837427
58117,Antonia Champlin,1808535734
58118,Meda Jacobs DDS,6103621693
58119,Fawn Sipes,2870642873
58120,Kerry Monahan,3453162329
58121,Kareem Wolff,8305832551
58122,Emeline Kuhn,2746887314
58123,Nikki Keeling,5320778741
58124,Mr. Stanley Langworth,1294548988
58125,Isaias Sporer III,5382139242
58126,Marcel Willms,7588080662
58127,Keneth Hessel,2989502380
58128,Clotilde Barton,5359626781
58129,Criselda Harvey,9109966794
58130,Otelia Gerhold I,7801368661
58131,Alvin Berge,2537152101
58132,Dr. Trent Hahn,7200517635
58133,Pennie Hauck,4147665940
58134,Ms. Marc Treutel,5328474606
58135,Lakeisha Kiehn IV,5283620634
58136,Gale Medhurst,5453829149
58137,Heath Schmeler,5987570368
58138,Dr. Kenneth McCullough,2752880749
58139,Terese Fritsch,2886029609
58140,Johnathon Walker DDS,6663067655
58141,Tabatha Daugherty,6205056836
58142,Nona Smitham,3295014154
58143,Mr. Wayne Doyle,9457311230
58144,Mr. Calvin Smith,3440551277
58145,Minna Mann,7165107684
58146,Ozella Kreiger,5131662436
58147,Nora Willms,7424136203
58148,Jeanelle Kohler Sr.,1371050507
58149,Gisela Corkery Sr.,8366478472
58150,Mrs. Cruz Bradtke,8371706596
58151,Lonny Bradtke II,7502414573
58152,Elenora Jast,7891177676
58153,Orval Wisoky,6448381862
58154,Mrs. Hubert Bauch,7337670385
58155,Casey Hodkiewicz,9428576858
58156,Rosalia Schaden,3568670078
58157,Vina Ortiz III,3569932127
58158,Alta Rau IV,1889794410
58159,Chad Padberg,4575299395
58160,Manual Hahn,6998899702
58161,Roseann Corkery,8666274092
58162,Carri Hand,7093239131
58163,Natalie Anderson,1606401267
58164,Ms. Dion Romaguera,8881585585
58165,Claud Lindgren,7276592075
58166,Miss Michele Fadel,7496409237
58167,Mr. Nola Dietrich,8949158060
58168,Lashaun Oberbrunner,1117654793
58169,Casey Emard IV,6243473637
58170,Dr. Britt Aufderhar,9628717474
58171,Rivka Hauck,6851331555
58172,Elois Reinger,5331839541
58173,Elvira Kemmer,2668361924
58174,Perry Monahan,3268896443
58175,Dr. Minda Satterfield,8457270531
58176,Bibi Langosh,1904303541
58177,Blythe Funk,5573244553
58178,Hazel Harvey PhD,6037857039
58179,Newton Hagenes,8837903782
58180,Wally Paucek,3894626348
58181,Mrs. Troy Roob,7108680187
58182,Hollis Pagac I,8103868440
58183,Hae Lakin III,8899925768
58184,Miss Collin Littel,6305843200
58185,Dr. Oren Spencer,7338485064
58186,Jerrold Nicolas,4818167198
58187,Felipe Bins,6662463237
58188,Nick Frami,8752770699
58189,Corliss Skiles MD,2607804601
58190,Lavette Wilderman,6099912199
58191,Dr. Rolando Smith,2978810556
58192,Efren Rath,8889211587
58193,Burl Dietrich PhD,7666550745
58194,Kaycee DuBuque,1472662436
58195,Jonathan O'Hara DDS,5348580977
58196,Ms. Sudie Nienow,2687524866
58197,Un Okuneva,4618865730
58198,Tanner Volkman,3236382383
58199,Deon Kub,7902263784
58200,Tarra Jast,9875317613
58201,Olin Jacobi,4707268029
58202,Felton West,4828916858
58203,Cathi Stamm,4596607084
58204,Eldon Block,2723207288
58205,Arianna Klocko,3770955744
58206,Mr. Chong Boyle,4981087685
58207,Dr. Sang Dach,7404948348
58208,Toby Sipes,8714489694
58209,Mr. Dudley Heidenreich,7767560839
58210,Salley Schultz III,3568820897
58211,Darby Bayer Jr.,9291476940
58212,Patricia Bartoletti,5440078503
58213,Issac Von,6265798844
58214,Mr. Felice Buckridge,7294213217
58215,Roseanna Kutch,5972606059
58216,Felicidad Pfeffer DVM,5949465054
58217,Grant Renner,4363015234
58218,Mac McClure,5265992939
58219,Garth Mraz,7553089526
58220,Yevette Jast,4141230186
58221,Alayna Block,3888981116
58222,Shaunte Heidenreich III,1094969344
58223,Mr. Lyndon Fisher,2657307263
58224,Cami Hagenes,6662658421
58225,Antoine Lubowitz,3021720660
58226,Gus Carroll,5341502606
58227,Jacquie Nolan,7944442907
58228,Felipe Schuppe,7237925080
58229,Miss Shin Hane,1334000492
58230,Joannie Parisian MD,5733243860
58231,Hilton Keeling,5371724289
58232,Debra Purdy,4768043584
58233,Miss Lucina Trantow,7884972558
58234,Ned Abernathy,9785675365
58235,Emmitt Rodriguez PhD,7837428595
58236,Mel Bogisich,6117664031
58237,Ms. Sydney Christiansen,8173649225
58238,Jerome Auer,9945934151
58239,Kaylee Durgan PhD,1607659113
58240,Kiera Fay,5561174456
58241,Colton Corwin,3552369198
58242,Rigoberto Jakubowski,3622838558
58243,Leonardo McClure,1096266482
58244,Johnna Cartwright Jr.,2221587860
58245,Jerrell Kuphal,5912423849
58246,Debora Funk,3478615607
58247,Nubia Mayert,9775026651
58248,Claude Pacocha V,2843052757
58249,Arlen Waelchi,7167946765
58250,Kassandra Mante,5604877038
58251,Mr. Vallie McLaughlin,5389998222
58252,Janina Hills,9018118366
58253,Doug Lowe,9142005359
58254,Dr. Marilynn Smitham,6923295314
58255,Gonzalo Fadel,3857311715
58256,Newton Rowe,9787747815
58257,Dierdre McKenzie,1140872809
58258,Paulita Gaylord,6396775406
58259,Russel Goyette,2102813503
58260,Vivienne Jenkins,6690173929
58261,Arletha Brekke,1513879988
58262,Marlon Johnson IV,1631347886
58263,Adaline Spinka,9416849224
58264,Ceola Mohr,3438742362
58265,Charles Langosh,9835339881
58266,Lecia Simonis MD,6116932612
58267,Perry Kovacek Jr.,8448352059
58268,Miss Rossie Hartmann,5104609677
58269,Sharlene Klein,8171993813
58270,Lindsey Thompson IV,1746024964
58271,Marcene Stroman,1230494048
58272,Maynard Stanton,2801709470
58273,Jayson Harber,5636051232
58274,Lyle Bode,9059260868
58275,Lanita Labadie,7089957959
58276,Chester Abernathy,7618659662
58277,Anitra Blanda II,3846888891
58278,Keenan Lueilwitz,9333366579
58279,Otha Toy,5376657518
58280,Mathew Beahan Sr.,4899750761
58281,Leonardo Schmidt,5873868924
58282,Wilber Adams,3528111973
58283,Jennie Schimmel,1744850801
58284,Suk Kshlerin II,7273266972
58285,Toya Stanton,9291961958
58286,Mr. Phillip Koss,5350894365
58287,Ms. Renate VonRueden,1953802701
58288,Dr. Tommy Larson,9284102902
58289,Lavon Hagenes,6087098539
58290,Madalyn Wehner,6797793753
58291,Ken Toy,2667066650
58292,Tiara Kuhn,9204249912
58293,Sofia Quitzon,8710619578
58294,Dewayne Schuster,2261512764
58295,Blair Bruen,8486664652
58296,Maura Klein,8447770761
58297,Graham Predovic,7875445040
58298,Mikel D'Amore,1291132251
58299,Darron Davis,8222505123
58300,Markita Greenfelder,2519597537
58301,Lovella Willms,9174520637
58302,Ying Wiegand,6068118745
58303,Simonne Hudson,6495947563
58304,Kali Schmidt,6730376556
58305,Adolph Williamson,5648710569
58306,Franklin Kautzer,8554767692
58307,Joeann Turner DVM,1657769672
58308,Kaila Fritsch,1038248151
58309,Joey Brekke DVM,4676136761
58310,Miss Rosalind Schmeler,5091922078
58311,Agnes Glover,8155035214
58312,Kevin Schultz,8245794017
58313,Amalia Buckridge,3083544996
58314,Clemente Trantow,5986801256
58315,Mr. Dario Leannon,4651871575
58316,Sandi Weber,8604628551
58317,Marion Toy,1740752921
58318,Mr. Deloris Pagac,3939887184
58319,Ms. Margareta Jenkins,5915156284
58320,Mario Mayer,2315621813
58321,Mrs. China Abernathy,8117919487
58322,Jon Windler,5275486423
58323,Caitlyn Considine,5273814117
58324,Miss William Reinger,1655253185
58325,Dale Prosacco I,8923990642
58326,Julio Kirlin,9798154668
58327,Zachary Cummerata,4558777411
58328,Elenora Roberts I,8463303173
58329,Ramiro Reilly,5729092138
58330,Mark Mayer,6922088838
58331,Romeo Cronin,2884642020
58332,Blanca Hettinger III,1420302257
58333,Yolonda Watsica,8122313962
58334,Dewey Okuneva,6911304913
58335,Cole Ferry,5163952588
58336,Rosanne Schmidt,9968224328
58337,Darcel Klein,4307055373
58338,Barry Becker,6622606351
58339,Elvis Greenfelder,4680848308
58340,Gerard Ward,6711669973
58341,Mrs. Cleopatra Goldner,6939674041
58342,Napoleon Ledner,9969101253
58343,Alvaro Hettinger,1300635002
58344,Alpha Johns Sr.,3646163907
58345,Mr. Sharan Pagac,9581395086
58346,Edwardo Luettgen,8321761735
58347,Meridith Ebert,9523706643
58348,Miss Maurice Gorczany,1950093818
58349,Anthony Batz,8391608156
58350,Alexia Baumbach Sr.,4499497195
58351,Adriana Brown PhD,4561942183
58352,Dr. Eldon Weimann,2449633441
58353,Conchita Fay,8677826898
58354,Marva Muller,9187066224
58355,Ms. Darrell Beahan,4600747350
58356,Florentino Predovic IV,8742253754
58357,Kalyn McGlynn,2769192888
58358,Dr. Clair Gutkowski,7616401162
58359,Miss Levi Price,7370509047
58360,Emmett Padberg PhD,7726989404
58361,Mr. Melva Towne,5652637881
58362,Ms. Gonzalo Krajcik,6567605580
58363,Caroll Koch I,6353014830
58364,Lamont Powlowski,6061375841
58365,Patrica Runte PhD,7432678994
58366,Annis Sanford II,5172452668
58367,Robyn West,6838522124
58368,Stacy Powlowski Jr.,7192532414
58369,Mrs. Erick King,2087372348
58370,Exie Klocko Sr.,4852281528
58371,Somer Braun,3004873603
58372,Horacio Von,4958799368
58373,Efren Gerlach MD,4663923276
58374,Casey Hermann,9379520592
58375,Len Kihn,4556550352
58376,Carmelo Fadel DDS,6492015145
58377,Sherwood Boehm,8539385839
58378,Devin Cremin,5686760697
58379,Dagmar Murray,8106806556
58380,Dr. Karima Pfeffer,7846011280
58381,Horacio Runolfsdottir,1941516910
58382,Kemberly Schulist,2191604776
58383,Osvaldo Kub,2793384706
58384,Bud DuBuque,2279349240
58385,Max Brown,5450972207
58386,Tegan O'Hara,5232195510
58387,Benjamin Watsica,4222737758
58388,Tenesha Howe,8830712523
58389,Vida Jaskolski,9015874825
58390,Carolyne O'Conner,3049878868
58391,Deon Jones,9669295822
58392,Rosaline Schulist,3043139417
58393,Essie Wintheiser Sr.,6249137906
58394,Johanne Grant,6217994900
58395,Raye Shields III,5091173306
58396,Jamal Kub,1544723874
58397,Shalonda Dickens,2769576491
58398,Miss Dean Hills,5193443816
58399,Miss Tonja Donnelly,2793942886
58400,Hosea Dibbert,3614954781
58401,Hubert Hagenes,9949703695
58402,Mrs. Valda DuBuque,7133104030
58403,Ms. Val Treutel,9292010992
58404,Cole Rogahn,6038851033
58405,Bobbie Armstrong,4824770532
58406,Dorthea Metz,9748161854
58407,Aracely Bartoletti,4425592729
58408,Georgiann Kerluke II,9874090261
58409,Walton Larkin,6446125920
58410,Georgiana Hegmann,6938487752
58411,Ms. Del Friesen,3938189399
58412,Jeane Schroeder,7161638405
58413,Rick Kuvalis,3203982945
58414,Mr. Laurence Crona,1548550657
58415,Tamala Hoeger,6039259210
58416,Jonna Blanda,1951135521
58417,Mr. Merideth Morissette,7611864948
58418,Ching O'Kon,3701910056
58419,Rick Berge,3536976206
58420,Romelia Pfeffer,6413158474
58421,Elias Bernhard,8144639931
58422,Omer Jast,4650842826
58423,Hershel Schmitt II,3676381885
58424,Cherry Mante III,3899189300
58425,Ying Pagac,4023799684
58426,Shalanda Sporer DDS,8781900171
58427,Mr. Benny Hayes,1494854396
58428,Byron Kiehn,4874542223
58429,Kacey Wehner,5535224971
58430,India Barrows,4861928222
58431,Gonzalo Oberbrunner,5984303459
58432,Veola Casper,5183407893
58433,Mohammed Dare,1493688236
58434,Carmen Fisher,6775459244
58435,Joye Bashirian,5905546833
58436,Jeffry Witting,8756039914
58437,Dawna Bahringer MD,6714795263
58438,Neomi Spencer,5390035831
58439,Kasey Moen Jr.,5516747829
58440,Antione Reichert I,2248651110
58441,Lashawn Hammes,6108840357
58442,Skye Lowe,7526990054
58443,Mr. Shirley Koelpin,9052037265
58444,Emely Weimann,4185591725
58445,Stefan Graham,1071186042
58446,Billy Greenholt DDS,1984436111
58447,Valery Lindgren,3232441685
58448,Drusilla Koepp,4496104697
58449,Ilda O'Reilly,7061696684
58450,Nam Monahan,4402654695
58451,Sasha Bailey,2331746000
58452,Armando Schumm,7746223968
58453,Pete Moore,3271176308
58454,Tobias Jacobi,1016094027
58455,Charisse Pacocha,8219204639
58456,Forest Dare,8867791584
58457,Ms. Rigoberto Lindgren,9790041879
58458,Asley Green,9598942245
58459,Aaron Dietrich,8327979482
58460,Willian Leannon,4708085179
58461,Claretha Koelpin,7563010389
58462,Zack Wunsch I,8592746110
58463,Mrs. Adelle Johns,9085845626
58464,Nisha Hartmann,9185962967
58465,Rashida Ritchie,5557727635
58466,Miss Shaunta Kilback,2591050745
58467,Stan Kulas,9504125455
58468,Gary Hand,5636181385
58469,Xiomara Jacobs,7078842379
58470,Brenton Kuhlman III,3388514334
58471,Sondra Huels,3177872421
58472,Vanna Lueilwitz,5391271926
58473,Cori Upton,6919017619
58474,Leeann Carroll,9795152007
58475,Bobbye Bartoletti,9281999036
58476,Mrs. Alvera Lowe,5563711027
58477,Jenell Nienow,6146245811
58478,Andrew Cartwright,8567429847
58479,Brady Dietrich,9302087668
58480,Cathi Wiza,5338346730
58481,Terrie Kris,3405625961
58482,Eddie Hudson,7119761408
58483,Kerry Rath Sr.,3255532758
58484,Hilton Murazik,5858377676
58485,Donald Shields III,5981372635
58486,Lloyd Kautzer,7992145392
58487,Mr. Shannon O'Reilly,5954484710
58488,Buck Blanda,2417197924
58489,Inez VonRueden,1736009646
58490,Dillon Watsica Jr.,9668114966
58491,Oretha Tillman,2125204201
58492,Hassan Harvey DDS,3569747228
58493,Constance Vandervort,7742010744
58494,Yetta Pfannerstill,5196585829
58495,Ms. Chin Powlowski,9000949094
58496,Ethan Fahey,6759378909
58497,Clark Wolf,2813425654
58498,Donald Harvey,8073802567
58499,Tyrone Schultz,9721387883
58500,Myron Emard,2263301231
58501,Miss Marlyn Bernier,2236812751
58502,Bernardine Anderson DVM,4581660527
58503,Ms. Irwin Stehr,1161694674
58504,Marshall Ondricka,3033538285
58505,Alessandra Schultz,7341839235
58506,Dr. Tomiko Klocko,6086920148
58507,Evelin Sipes Jr.,4125357016
58508,Ebonie Williamson,9578092265
58509,Mrs. Jenine Batz,7066924768
58510,Benny Collins,9684083093
58511,Cassaundra McLaughlin,1830207975
58512,Brande Schumm,5531559499
58513,Clorinda Collier,2090614942
58514,Julio Lubowitz,4484267131
58515,Rolf Hoeger,3041985013
58516,Miss Britt Hettinger,5504050320
58517,Jesusita Baumbach,1466756965
58518,Rashad McCullough,5877763857
58519,Marya Rosenbaum IV,3103805000
58520,Lorine Bauch,4829603672
58521,Charmaine Cassin III,4078084332
58522,Piper Gorczany,1346787407
58523,Joaquin Crona,7738811081
58524,Ms. Ron Lind,3758257094
58525,Exie Fahey MD,6100839506
58526,Mrs. Alexander Wiza,1517238497
58527,Oleta Padberg,2611068566
58528,Melvin Dickens Jr.,1013959891
58529,Gabriela Ankunding,1858603437
58530,Cyrus Hessel,3456554979
58531,Norman Anderson,7623588026
58532,Rosendo Homenick Jr.,8976749451
58533,Rocco Bernier,9599323408
58534,Mr. Ines Witting,4900127650
58535,Fletcher Hayes,1435763818
58536,Charita White,4337101694
58537,Genny Lind,7297865608
58538,Yuriko Ryan,4636289438
58539,Rosio Schmeler IV,5401653814
58540,Nella Reilly,8825296587
58541,Johnnie Corkery IV,1737979829
58542,Erwin Bashirian,3712466292
58543,Inge Bahringer,3705788494
58544,Gregg Gutmann,6709464653
58545,Fredric Bode,4868418595
58546,Mr. Lashon Bergstrom,4271565226
58547,Tod Parker IV,6572406820
58548,Errol Fisher,9019230239
58549,Marcellus Ullrich,6215726890
58550,Joaquina Dare V,2270116119
58551,Barbie Dibbert,7099033753
58552,Yung Vandervort,6013207076
58553,Ms. Jamaal Brakus,9927910459
58554,Savannah Feil,8455325315
58555,Taryn Kilback,4961139916
58556,Cameron Hansen,6834188936
58557,Yasmin Schulist,6402045901
58558,Cathy Abshire Sr.,7418626140
58559,Gilberto Anderson,4024291191
58560,Alene Hyatt,3933876291
58561,Rozanne Stroman,1189596803
58562,Senaida Bayer,6507997062
58563,Clay Mosciski,8665044609
